Target_URL,Platform_Type,Category,Priority
https://forum.munkonggadget.com/detail.php?id=313763,Custom_Forum,Forum_Thread,High
https://howei.com/forum/discussion/announcements/start-time-change-for-gurney-bay-park-run-on-17th-july,Vanilla_Forum,Forum_Thread,High
https://www.navacool.com/forum/topic/415167/cs2-case-opening-alternatives,Makewebeasy,Forum_Thread,High
https://www.bestloveweddingstudio.com/forum/topic/110910/j999-game-download-apk-for-android-(real-money-earning-app)-2026,Makewebeasy,Forum_Thread,High
https://www.simplexthailand.com/en/forum/topic/11388/alo8center,Makewebeasy,Forum_Thread,High
https://forum.vodobox.com/profile.php?id=88505,FluxBB,Profile_Backlink,High
https://forums.mybb.rexo.top/member.php?action=profile&uid=644,MyBB,Profile_Backlink,High
https://forumton.org/members/shreewin.43635/about,XenForo,Profile_Backlink,High
https://forum.epicbrowser.com/profile.php?id=180654,phpBB,Profile_Backlink,High
https://seomotionz.com/member.php?action=profile&uid=155319,MyBB,Profile_Backlink,High
https://www.blackhatprotools.info/member.php?310898-shreewin,vBulletin,Profile_Backlink,High
https://www.chordie.com/forum/profile.php?id=2641875,PunBB,Profile_Backlink,High
https://www.hostboard.com/forums/members/shreewin.html,vBulletin,Profile_Backlink,High
https://www.joomla51.com/forum/profile/110973-shreewin,Kunena,Profile_Backlink,High
https://www.speedway-world.pl/forum/member.php?action=profile&uid=545371,phpBB,Profile_Backlink,High
https://phatwalletforums.com/user/shreewin,Discourse,Profile_Backlink,High
https://allods.my.games/forum/index.php?page=User&userID=265935,WoltLab,Profile_Backlink,High
https://sub4sub.net/forums/users/shreewin/,bbPress,Profile_Backlink,High
https://gamblingtherapy.org/forum/users/shreewin/,bbPress,Profile_Backlink,High
https://kheotay.com.vn/forums/users/mrwhosthebossfans54,bbPress,Profile_Backlink,High
https://latinverge.com/forums/topic/30598/how-do-triangular-arbitrage-trading-bots-perform-in-volatile-cry?c=48,NodeBB,Forum_Thread,High
https://webcamscenter.com/user/shreewin,Drupal,Profile_Backlink,High
https://www.atozed.com/forums/user-99877.html,Invision_Community,Profile_Backlink,High
https://www.mecanique-bateau.com/community/profile/shreewin,PeepSo,Profile_Backlink,High
https://www.zubersoft.com/mobilesheets/forum/user-160433.html,MyBB,Profile_Backlink,High
